gender,NationalITy,PlaceofBirth,StageID,GradeID,SectionID,Topic,Semester,Relation,raisedhands,VisITedResources,AnnouncementsView,Discussion,ParentAnsweringSurvey,ParentschoolSatisfaction,StudentAbsenceDays,Class
M,KW,KuwaIT,MiddleSchool,G-07,A,Math,F,Father,50,88,30,80,Yes,Good,Under-7,H
F,KW,KuwaIT,MiddleSchool,G-08,A,Math,F,Mum,62,70,44,60,No,Bad,Above-7,H
M,KW,KuwaIT,MiddleSchool,G-07,B,IT,F,Mum,70,50,40,99,Yes,Good,Under-7,H
F,KW,KuwaIT,MiddleSchool,G-08,A,Arabic,F,Father,35,80,50,70,Yes,Good,Under-7,H
F,KW,KuwaIT,HighSchool,G-12,A,English,F,Mum,70,4,39,90,Yes,Good,Under-7,H
F,KW,KuwaIT,HighSchool,G-12,A,English,F,Mum,13,80,40,88,Yes,Good,Under-7,H
F,KW,KuwaIT,HighSchool,G-11,A,Science,F,Mum,49,70,19,75,Yes,Good,Under-7,H
M,venzuela,venzuela,HighSchool,G-10,A,IT,F,Mum,80,90,70,80,Yes,Good,Under-7,H
F,USA,USA,HighSchool,G-12,A,English,F,Mum,65,75,23,80,Yes,Good,Under-7,H
F,USA,USA,HighSchool,G-12,A,IT,F,Mum,70,69,35,30,Yes,Good,Under-7,H
F,lebanon,lebanon,MiddleSchool,G-07,B,Math,F,Mum,80,90,49,55,Yes,Bad,Under-7,H
M,KW,KuwaIT,lowerlevel,G-02,B,IT,F,Father,50,70,50,10,Yes,Good,Above-7,H
M,SaudiArabia,SaudiArabia,lowerlevel,G-02,B,IT,F,Father,70,12,40,50,Yes,Good,Under-7,H
M,KW,KuwaIT,lowerlevel,G-02,B,IT,F,Father,80,90,55,19,Yes,Good,Under-7,H
F,KW,KuwaIT,lowerlevel,G-02,B,IT,F,Father,50,70,19,15,Yes,Good,Under-7,H
M,USA,USA,lowerlevel,G-02,B,IT,F,Father,55,89,40,40,Yes,Good,Under-7,H
F,KW,KuwaIT,lowerlevel,G-02,B,IT,F,Father,100,80,2,70,No,Bad,Under-7,H
F,KW,KuwaIT,lowerlevel,G-02,C,IT,F,Father,14,60,11,75,Yes,Good,Under-7,H
F,KW,KuwaIT,lowerlevel,G-02,B,IT,F,Mum,70,92,50,7,Yes,Good,Under-7,H
M,KW,KuwaIT,lowerlevel,G-02,B,IT,F,Father,70,90,41,33,Yes,Bad,Under-7,H
F,Jordan,Jordan,lowerlevel,G-02,B,IT,F,Mum,70,88,55,40,Yes,Good,Under-7,H
F,KW,KuwaIT,lowerlevel,G-02,C,IT,F,Mum,25,29,40,17,No,Good,Under-7,H
M,KW,KuwaIT,MiddleSchool,G-07,A,Quran,S,Father,80,80,15,70,Yes,Good,Under-7,H
F,Egypt,Egypt,MiddleSchool,G-07,A,Quran,S,Mum,70,80,95,70,Yes,Good,Under-7,H
F,KW,USA,HighSchool,G-11,A,Quran,S,Mum,70,80,95,70,Yes,Good,Under-7,H
F,Jordan,Egypt,MiddleSchool,G-07,A,Quran,F,Mum,100,80,95,90,No,Bad,Under-7,H
M,KW,KuwaIT,MiddleSchool,G-07,A,Quran,S,Father,80,90,55,19,Yes,Good,Under-7,H
F,lebanon,lebanon,MiddleSchool,G-07,A,Quran,S,Mum,100,75,50,70,Yes,Good,Under-7,H
F,Jordan,lebanon,MiddleSchool,G-07,A,Quran,S,Mum,100,75,50,70,Yes,Bad,Under-7,H
M,SaudiArabia,SaudiArabia,HighSchool,G-11,A,Quran,S,Father,80,80,51,59,Yes,Good,Under-7,H
F,SaudiArabia,USA,HighSchool,G-11,B,Science,S,Father,100,91,98,40,Yes,Bad,Under-7,H
M,SaudiArabia,USA,HighSchool,G-11,B,Math,S,Father,70,58,73,91,Yes,Bad,Under-7,H
F,Jordan,Jordan,MiddleSchool,G-07,B,Science,S,Mum,82,89,58,50,Yes,Good,Under-7,H
F,Jordan,Jordan,lowerlevel,G-02,B,French,S,Mum,70,82,3,73,No,Bad,Under-7,H
F,Morocco,Morocco,lowerlevel,G-02,B,French,S,Mum,72,65,73,66,Yes,Good,Under-7,H
M,Tunis,Tunis,lowerlevel,G-02,B,French,S,Mum,80,92,83,43,Yes,Good,Under-7,H
M,KW,KuwaIT,lowerlevel,G-02,B,French,S,Mum,60,52,23,33,Yes,Good,Under-7,H
M,KW,KuwaIT,lowerlevel,G-02,B,French,S,Father,40,62,83,33,Yes,Good,Under-7,H
M,Tunis,Tunis,lowerlevel,G-02,B,French,S,Mum,60,52,23,33,Yes,Bad,Under-7,H
F,lebanon,lebanon,lowerlevel,G-02,B,French,S,Mum,80,42,33,13,Yes,Bad,Under-7,H
F,SaudiArabia,SaudiArabia,lowerlevel,G-02,B,French,S,Father,60,70,63,93,Yes,Bad,Under-7,H
M,KW,KuwaIT,MiddleSchool,G-08,A,Arabic,S,Mum,85,75,62,53,Yes,Bad,Under-7,H
M,lebanon,Jordan,MiddleSchool,G-08,A,Arabic,S,Mum,87,65,82,33,Yes,Good,Under-7,H
M,KW,KuwaIT,MiddleSchool,G-08,A,Arabic,S,Mum,75,71,72,53,Yes,Good,Under-7,H
M,KW,KuwaIT,MiddleSchool,G-08,A,Arabic,S,Mum,92,65,62,53,Yes,Good,Under-7,H
M,KW,KuwaIT,MiddleSchool,G-08,A,Arabic,S,Mum,83,75,62,53,No,Bad,Under-7,H
M,KW,KuwaIT,MiddleSchool,G-08,B,Arabic,S,Mum,15,90,52,83,Yes,Bad,Under-7,H
F,lebanon,lebanon,MiddleSchool,G-08,A,Arabic,S,Mum,45,58,52,43,Yes,Good,Under-7,H
F,SaudiArabia,SaudiArabia,MiddleSchool,G-08,B,Arabic,S,Mum,72,51,42,24,Yes,Bad,Above-7,H
M,Jordan,SaudiArabia,MiddleSchool,G-08,C,Spanish,S,Mum,27,90,82,14,Yes,Good,Under-7,H
M,Tunis,Tunis,MiddleSchool,G-08,C,Spanish,S,Mum,87,81,42,19,Yes,Good,Under-7,H
M,KW,KuwaIT,MiddleSchool,G-08,C,Spanish,S,Mum,96,61,42,94,Yes,Bad,Under-7,H
M,KW,KuwaIT,MiddleSchool,G-08,A,Spanish,S,Mum,72,83,12,90,Yes,Good,Under-7,H
M,KW,KuwaIT,MiddleSchool,G-08,B,Spanish,S,Mum,87,81,22,70,Yes,Bad,Under-7,H
M,KW,KuwaIT,HighSchool,G-11,B,Math,S,Mum,73,84,77,81,Yes,Good,Above-7,H
M,Egypt,Egypt,MiddleSchool,G-07,B,Science,S,Mum,92,80,88,76,Yes,Good,Under-7,H
M,KW,KuwaIT,MiddleSchool,G-07,B,Science,S,Mum,72,80,98,96,Yes,Bad,Under-7,H
M,KW,KuwaIT,MiddleSchool,G-07,B,IT,S,Mum,70,92,83,85,Yes,Bad,Under-7,H
F,KW,KuwaIT,MiddleSchool,G-06,A,Science,S,Father,80,94,62,77,Yes,Good,Under-7,H
M,KW,KuwaIT,lowerlevel,G-04,A,Math,S,Father,15,6,32,40,Yes,Good,Under-7,H
M,KW,KuwaIT,lowerlevel,G-04,A,English,S,Father,59,97,42,70,Yes,Good,Under-7,H
M,KW,KuwaIT,lowerlevel,G-04,A,History,S,Father,10,17,12,40,Yes,Good,Under-7,H
F,KW,KuwaIT,lowerlevel,G-04,A,History,S,Mum,80,87,72,60,No,Good,Under-7,H
F,Jordan,Jordan,MiddleSchool,G-06,A,English,S,Mum,79,84,82,37,No,Bad,Under-7,H
F,Jordan,Jordan,MiddleSchool,G-06,A,English,F,Mum,90,84,52,30,No,Good,Under-7,H
M,Jordan,Jordan,MiddleSchool,G-06,A,English,S,Father,22,20,6,26,No,Bad,Under-7,H
F,lebanon,lebanon,MiddleSchool,G-06,A,English,F,Mum,95,82,82,70,Yes,Good,Under-7,H
F,lebanon,lebanon,MiddleSchool,G-06,A,English,S,Mum,90,62,80,60,Yes,Good,Under-7,H
M,Palestine,Jordan,MiddleSchool,G-06,A,English,F,Mum,72,21,22,26,Yes,Good,Under-7,H
M,Palestine,Jordan,MiddleSchool,G-06,A,English,S,Mum,92,31,42,27,Yes,Good,Under-7,H
M,Iraq,Iraq,MiddleSchool,G-06,A,English,F,Mum,74,71,56,37,No,Good,Under-7,H
M,Iraq,Iraq,MiddleSchool,G-06,A,English,S,Mum,74,60,56,37,No,Good,Under-7,H
F,Jordan,Jordan,MiddleSchool,G-06,A,English,F,Mum,95,94,72,80,No,Good,Under-7,H
F,Jordan,Jordan,MiddleSchool,G-06,A,English,S,Mum,97,87,82,86,No,Good,Under-7,H
F,Jordan,Jordan,MiddleSchool,G-06,A,English,F,Mum,51,79,85,89,Yes,Good,Under-7,H
F,Jordan,Jordan,MiddleSchool,G-06,A,English,S,Mum,81,79,91,85,Yes,Good,Under-7,H
F,Palestine,Palestine,lowerlevel,G-04,A,Science,F,Mum,90,86,82,74,Yes,Good,Under-7,H
F,Palestine,Palestine,lowerlevel,G-04,A,Science,S,Mum,62,64,72,84,Yes,Good,Under-7,H
F,Jordan,Jordan,lowerlevel,G-04,A,Science,F,Mum,98,87,86,84,No,Good,Under-7,H
F,Jordan,Jordan,lowerlevel,G-04,A,Science,S,Mum,72,74,82,89,No,Good,Under-7,H
M,Jordan,Jordan,lowerlevel,G-04,B,Science,F,Mum,65,59,74,83,Yes,Good,Under-7,H
M,Jordan,Jordan,lowerlevel,G-04,B,Science,S,Mum,72,64,59,89,Yes,Good,Under-7,H
F,Jordan,Jordan,lowerlevel,G-04,B,Science,F,Mum,55,79,44,43,Yes,Good,Under-7,H
F,Jordan,Jordan,lowerlevel,G-04,B,Science,S,Mum,62,64,69,49,Yes,Good,Under-7,H
F,Jordan,lebanon,lowerlevel,G-04,B,Science,F,Mum,78,88,74,83,Yes,Good,Under-7,H
F,Jordan,lebanon,lowerlevel,G-04,B,Science,S,Mum,72,84,89,89,Yes,Good,Under-7,H
M,Jordan,Jordan,lowerlevel,G-02,A,French,F,Mum,60,92,83,23,Yes,Good,Under-7,H
M,Jordan,Jordan,lowerlevel,G-02,A,French,S,Mum,50,90,83,13,Yes,Good,Under-7,H
F,Jordan,Jordan,lowerlevel,G-02,A,French,F,Mum,60,97,13,3,Yes,Good,Under-7,H
F,Jordan,Jordan,lowerlevel,G-02,A,French,S,Mum,50,95,23,10,Yes,Good,Under-7,H
F,Jordan,Jordan,lowerlevel,G-02,B,French,F,Mum,14,97,15,14,No,Good,Under-7,H
F,Jordan,Jordan,lowerlevel,G-02,B,French,F,Mum,13,82,20,30,No,Good,Under-7,H
F,Jordan,Jordan,lowerlevel,G-02,B,French,S,Mum,24,97,15,14,No,Good,Under-7,H
F,Jordan,Jordan,lowerlevel,G-02,B,French,S,Mum,23,82,20,30,No,Good,Under-7,H
M,Jordan,Jordan,lowerlevel,G-02,B,French,F,Mum,30,98,42,21,Yes,Good,Under-7,H
M,Jordan,Jordan,lowerlevel,G-02,B,French,S,Mum,35,97,41,23,Yes,Good,Under-7,H
F,lebanon,lebanon,lowerlevel,G-02,B,French,F,Mum,72,98,52,15,Yes,Good,Under-7,H
F,lebanon,lebanon,lowerlevel,G-02,B,French,S,Mum,75,90,51,17,Yes,Good,Under-7,H
M,Palestine,Jordan,lowerlevel,G-02,A,Arabic,F,Father,90,98,41,38,Yes,Good,Under-7,H
M,Palestine,Jordan,lowerlevel,G-02,A,Arabic,S,Father,80,88,51,39,Yes,Good,Under-7,H
M,Iraq,Iraq,lowerlevel,G-02,A,Arabic,F,Father,80,95,21,28,Yes,Good,Under-7,H
M,Iraq,Iraq,lowerlevel,G-02,A,Arabic,S,Father,78,70,31,29,Yes,Good,Under-7,H
F,Palestine,Jordan,lowerlevel,G-02,A,Arabic,F,Mum,98,88,60,31,No,Good,Under-7,H
F,Palestine,Jordan,lowerlevel,G-02,A,Arabic,S,Mum,75,81,51,34,No,Good,Under-7,H
M,Iraq,Iraq,lowerlevel,G-02,B,Arabic,F,Mum,69,82,20,28,Yes,Good,Under-7,H
M,Iraq,Iraq,lowerlevel,G-02,B,Arabic,S,Mum,70,83,29,33,Yes,Good,Under-7,H
F,Iraq,Iraq,lowerlevel,G-02,B,Arabic,F,Mum,89,92,40,28,Yes,Good,Under-7,H
F,Iraq,Iraq,lowerlevel,G-02,B,Arabic,S,Mum,79,93,49,23,Yes,Good,Under-7,H
F,Iraq,Iraq,MiddleSchool,G-07,A,Biology,F,Mum,86,98,50,20,Yes,Good,Under-7,H
F,Iraq,Iraq,MiddleSchool,G-07,A,Biology,S,Mum,90,90,57,22,Yes,Good,Under-7,H
M,Jordan,Palestine,MiddleSchool,G-07,A,Biology,F,Mum,78,91,50,40,Yes,Good,Under-7,H
M,Jordan,Palestine,MiddleSchool,G-07,A,Biology,S,Mum,70,98,54,72,Yes,Good,Under-7,H
M,Palestine,Palestine,MiddleSchool,G-07,A,Biology,F,Father,88,90,86,81,Yes,Good,Under-7,H
M,Palestine,Palestine,MiddleSchool,G-07,A,Biology,S,Father,89,92,89,83,Yes,Good,Under-7,H
M,Jordan,Jordan,MiddleSchool,G-07,A,Biology,F,Father,76,81,80,86,No,Good,Under-7,H
M,Jordan,Jordan,MiddleSchool,G-07,A,Biology,S,Father,65,89,64,82,No,Good,Under-7,H
F,Syria,Syria,MiddleSchool,G-07,A,Biology,F,Mum,96,95,70,70,Yes,Good,Under-7,H
F,Syria,Syria,MiddleSchool,G-07,A,Biology,S,Mum,80,91,87,72,Yes,Good,Under-7,H
F,Jordan,Jordan,MiddleSchool,G-07,B,Biology,F,Mum,70,89,12,21,No,Good,Under-7,H
F,Jordan,Jordan,MiddleSchool,G-07,B,Biology,S,Mum,59,90,19,43,No,Good,Under-7,H
M,Iraq,Iraq,MiddleSchool,G-07,B,Biology,F,Father,98,90,86,71,Yes,Good,Under-7,H
M,Iraq,Iraq,MiddleSchool,G-07,B,Biology,S,Father,89,92,89,83,Yes,Good,Under-7,H
M,Palestine,Jordan,MiddleSchool,G-07,B,Biology,F,Father,88,90,76,81,Yes,Good,Under-7,H
M,Palestine,Jordan,MiddleSchool,G-07,B,Biology,S,Father,99,96,89,84,Yes,Good,Under-7,H
F,Jordan,Jordan,MiddleSchool,G-08,A,Chemistry,F,Mum,82,89,22,31,Yes,Good,Under-7,H
F,Jordan,Jordan,MiddleSchool,G-08,A,Chemistry,S,Mum,84,92,29,43,Yes,Good,Under-7,H
F,Jordan,Jordan,MiddleSchool,G-08,A,Geology,F,Mum,90,79,76,79,Yes,Good,Under-7,H
F,Jordan,Jordan,MiddleSchool,G-08,A,Geology,S,Mum,84,77,79,68,Yes,Good,Under-7,H
M,Jordan,SaudiArabia,MiddleSchool,G-08,A,Geology,F,Father,85,89,22,61,No,Bad,Under-7,H
M,Jordan,SaudiArabia,MiddleSchool,G-08,A,Geology,S,Father,80,89,23,68,No,Bad,Under-7,H
M,Jordan,Jordan,MiddleSchool,G-08,A,History,F,Mum,87,92,74,89,Yes,Good,Under-7,H
M,Jordan,Jordan,MiddleSchool,G-08,A,History,S,Mum,81,84,77,85,Yes,Good,Under-7,H
F,Jordan,Jordan,MiddleSchool,G-08,A,Chemistry,F,Father,15,97,22,10,Yes,Good,Under-7,H
F,Jordan,Jordan,MiddleSchool,G-08,A,Chemistry,S,Father,19,98,20,2,Yes,Good,Under-7,H
F,Jordan,Jordan,MiddleSchool,G-08,A,Chemistry,F,Father,85,90,52,30,Yes,Good,Under-7,H
F,Jordan,Jordan,MiddleSchool,G-08,A,Chemistry,S,Father,79,91,49,22,Yes,Good,Under-7,H
M,Iraq,Iraq,MiddleSchool,G-08,A,Chemistry,F,Father,90,91,80,81,Yes,Good,Under-7,H
M,Iraq,Iraq,MiddleSchool,G-08,A,Chemistry,S,Father,80,90,80,83,Yes,Good,Under-7,H
F,Jordan,Jordan,MiddleSchool,G-08,A,Chemistry,F,Mum,85,99,42,90,Yes,Good,Under-7,H
F,Jordan,Jordan,MiddleSchool,G-08,A,Chemistry,S,Mum,89,96,45,92,Yes,Good,Under-7,H
F,Jordan,Jordan,MiddleSchool,G-08,A,Geology,F,Mum,80,82,64,58,Yes,Good,Under-7,H
F,Jordan,Jordan,MiddleSchool,G-08,A,Geology,S,Mum,87,93,63,60,Yes,Good,Under-7,H
M,KW,KuwaIT,lowerlevel,G-04,A,IT,F,Father,10,7,0,30,No,Bad,Above-7,L
M,KW,KuwaIT,lowerlevel,G-04,A,IT,F,Father,30,25,5,35,No,Bad,Above-7,L
M,KW,KuwaIT,MiddleSchool,G-07,A,Math,F,Father,35,12,0,17,No,Bad,Above-7,L
M,KW,KuwaIT,lowerlevel,G-04,A,IT,F,Father,5,1,0,11,No,Bad,Above-7,L
M,lebanon,lebanon,MiddleSchool,G-08,A,Math,F,Father,20,14,12,19,No,Bad,Above-7,L
M,KW,KuwaIT,MiddleSchool,G-07,A,IT,F,Father,2,0,2,50,No,Bad,Above-7,L
M,KW,KuwaIT,MiddleSchool,G-07,B,IT,F,Father,0,2,3,70,Yes,Good,Above-7,L
M,KW,KuwaIT,MiddleSchool,G-07,A,IT,F,Father,8,7,30,40,Yes,Good,Above-7,L
M,KW,KuwaIT,MiddleSchool,G-08,A,Arabic,F,Father,25,15,12,33,No,Bad,Above-7,L
M,KW,KuwaIT,MiddleSchool,G-07,A,IT,F,Father,4,5,40,16,Yes,Good,Above-7,L
F,KW,KuwaIT,lowerlevel,G-07,A,IT,F,Father,2,19,10,50,Yes,Good,Above-7,L
M,KW,KuwaIT,lowerlevel,G-05,A,English,F,Father,8,22,9,40,No,Bad,Above-7,L
M,KW,KuwaIT,MiddleSchool,G-07,B,Science,F,Father,12,11,8,40,No,Bad,Above-7,L
M,KW,KuwaIT,MiddleSchool,G-07,A,English,F,Father,10,12,17,30,No,Bad,Above-7,L
M,KW,KuwaIT,MiddleSchool,G-07,B,Science,F,Mum,8,6,4,22,Yes,Good,Above-7,L
M,KW,KuwaIT,MiddleSchool,G-06,A,IT,F,Father,0,0,0,4,No,Bad,Above-7,L
F,KW,KuwaIT,MiddleSchool,G-07,A,IT,F,Father,14,13,3,70,No,Bad,Above-7,L
M,KW,KuwaIT,HighSchool,G-09,A,IT,F,Father,10,12,7,33,Yes,Good,Above-7,L
M,KW,KuwaIT,MiddleSchool,G-07,A,Quran,F,Father,20,12,15,70,No,Good,Above-7,L
M,KW,KuwaIT,lowerlevel,G-05,A,English,F,Father,7,10,1,30,No,Bad,Above-7,L
F,KW,KuwaIT,HighSchool,G-12,A,English,F,Father,20,14,12,70,No,Bad,Above-7,L
M,KW,KuwaIT,HighSchool,G-12,A,English,F,Father,39,15,16,50,No,Good,Above-7,L
M,KW,KuwaIT,HighSchool,G-12,A,English,F,Mum,12,50,8,30,No,Bad,Above-7,L
M,KW,KuwaIT,MiddleSchool,G-07,A,Math,F,Father,16,14,6,20,Yes,Good,Above-7,L
M,USA,USA,MiddleSchool,G-08,B,Math,F,Father,19,5,4,1,Yes,Good,Above-7,L
M,KW,KuwaIT,MiddleSchool,G-07,A,Math,F,Father,5,2,6,5,Yes,Good,Above-7,L
F,Jordan,Jordan,lowerlevel,G-05,A,English,F,Mum,21,10,28,20,No,Good,Above-7,L
M,KW,KuwaIT,HighSchool,G-10,A,IT,F,Father,0,5,7,2,No,Bad,Above-7,L
M,KW,KuwaIT,HighSchool,G-12,A,English,F,Father,13,5,18,19,No,Bad,Above-7,L
M,Jordan,Jordan,MiddleSchool,G-07,A,IT,F,Father,22,30,10,12,Yes,Good,Above-7,L
M,KW,KuwaIT,MiddleSchool,G-07,A,Math,F,Father,11,2,2,8,No,Bad,Under-7,L
M,KW,KuwaIT,MiddleSchool,G-07,B,IT,F,Father,12,0,6,13,No,Bad,Under-7,L
M,KW,KuwaIT,HighSchool,G-11,A,Quran,F,Father,13,3,11,9,No,Bad,Above-7,L
M,KW,KuwaIT,MiddleSchool,G-07,A,Math,F,Father,8,15,10,40,Yes,Bad,Under-7,L
M,KW,KuwaIT,lowerlevel,G-02,A,IT,F,Father,8,25,1,70,No,Bad,Above-7,L
M,KW,KuwaIT,lowerlevel,G-02,B,IT,F,Father,7,5,2,80,Yes,Good,Above-7,L
M,KW,KuwaIT,lowerlevel,G-02,B,IT,F,Father,1,0,1,12,No,Bad,Above-7,L
M,KW,KuwaIT,lowerlevel,G-02,B,IT,F,Father,19,70,3,50,No,Bad,Under-7,L
F,KW,KuwaIT,lowerlevel,G-02,B,IT,F,Father,3,12,4,33,No,Bad,Under-7,L
M,KW,KuwaIT,lowerlevel,G-02,B,IT,F,Father,5,20,1,50,Yes,Good,Above-7,L
M,KW,KuwaIT,lowerlevel,G-02,B,IT,F,Father,4,8,10,60,Yes,Good,Above-7,L
F,KW,KuwaIT,lowerlevel,G-02,B,IT,F,Father,80,44,35,10,No,Good,Above-7,L
F,KW,KuwaIT,lowerlevel,G-02,B,IT,F,Father,2,6,2,8,No,Bad,Above-7,L
M,KW,KuwaIT,lowerlevel,G-02,B,IT,F,Father,1,7,6,10,No,Bad,Above-7,L
F,KW,KuwaIT,lowerlevel,G-02,B,IT,F,Father,0,0,5,80,Yes,Good,Above-7,L
M,KW,KuwaIT,lowerlevel,G-02,B,IT,F,Father,2,5,3,50,No,Bad,Above-7,L
M,KW,KuwaIT,lowerlevel,G-02,B,IT,F,Father,25,27,0,69,No,Bad,Above-7,L
M,KW,KuwaIT,lowerlevel,G-02,B,IT,F,Father,11,2,0,50,No,Bad,Above-7,L
M,KW,KuwaIT,lowerlevel,G-02,B,IT,F,Father,0,8,11,70,Yes,Good,Above-7,L
M,KW,KuwaIT,lowerlevel,G-02,C,IT,F,Mum,0,4,8,30,No,Bad,Above-7,L
M,KW,KuwaIT,lowerlevel,G-02,C,IT,F,Father,0,6,4,15,Yes,Bad,Under-7,L
M,KW,KuwaIT,lowerlevel,G-02,B,IT,F,Father,12,30,0,17,No,Good,Above-7,L
M,KW,KuwaIT,lowerlevel,G-02,B,IT,F,Father,55,33,6,9,No,Bad,Above-7,L
M,KW,KuwaIT,lowerlevel,G-02,C,IT,F,Father,12,10,20,16,No,Bad,Under-7,L
M,KW,KuwaIT,lowerlevel,G-02,B,IT,F,Father,70,90,2,2,Yes,Good,Under-7,L
F,KW,KuwaIT,lowerlevel,G-02,C,IT,F,Father,7,9,5,30,No,Bad,Above-7,L
M,KW,KuwaIT,lowerlevel,G-02,C,IT,S,Father,0,3,10,3,No,Bad,Above-7,L
M,KW,KuwaIT,lowerlevel,G-02,A,IT,S,Father,12,60,0,70,Yes,Good,Above-7,L
M,Tunis,Tunis,MiddleSchool,G-07,A,Quran,F,Father,10,60,5,20,Yes,Bad,Above-7,L
M,Tunis,Tunis,MiddleSchool,G-07,A,Quran,S,Father,19,65,50,10,No,Bad,Above-7,L
M,KW,KuwaIT,MiddleSchool,G-07,A,Quran,S,Father,10,10,15,19,No,Bad,Above-7,L
M,SaudiArabia,USA,HighSchool,G-11,B,Spanish,S,Father,10,51,40,40,No,Bad,Above-7,L
M,Tunis,KuwaIT,MiddleSchool,G-07,B,Science,S,Father,22,51,48,10,No,Bad,Above-7,L
M,Iran,Iran,lowerlevel,G-02,B,French,S,Mum,20,22,53,13,No,Good,Above-7,L
M,Syria,Syria,lowerlevel,G-02,B,French,S,Mum,20,52,23,33,Yes,Good,Above-7,L
M,Iran,Iran,lowerlevel,G-02,B,French,S,Father,10,2,13,53,No,Bad,Above-7,L
M,Jordan,Jordan,lowerlevel,G-02,B,French,S,Father,50,62,13,33,No,Bad,Above-7,L
M,lebanon,lebanon,MiddleSchool,G-08,A,Arabic,S,Mum,10,35,30,13,No,Bad,Above-7,L
M,KW,KuwaIT,MiddleSchool,G-08,A,Arabic,S,Father,23,25,32,53,No,Bad,Under-7,L
M,KW,KuwaIT,MiddleSchool,G-08,A,Arabic,S,Father,15,25,37,13,Yes,Good,Above-7,L
M,Morocco,Morocco,MiddleSchool,G-08,B,Arabic,S,Father,27,15,42,53,No,Bad,Above-7,L
M,Jordan,Jordan,MiddleSchool,G-08,B,Arabic,S,Father,29,10,12,24,No,Bad,Above-7,L
M,Tunis,Tunis,MiddleSchool,G-08,C,Spanish,S,Father,7,61,22,14,No,Bad,Above-7,L
M,KW,KuwaIT,MiddleSchool,G-08,C,Spanish,S,Father,17,50,2,4,No,Bad,Above-7,L
M,KW,KuwaIT,MiddleSchool,G-08,C,Spanish,S,Father,5,21,42,14,No,Good,Above-7,L
M,KW,KuwaIT,MiddleSchool,G-08,B,Spanish,S,Father,2,11,62,30,No,Bad,Under-7,L
M,KW,KuwaIT,MiddleSchool,G-08,A,Spanish,S,Father,5,3,2,10,Yes,Good,Under-7,L
M,KW,KuwaIT,MiddleSchool,G-08,A,Spanish,S,Father,5,17,21,10,No,Bad,Above-7,L
M,Syria,Jordan,MiddleSchool,G-08,A,Spanish,S,Father,9,7,21,20,Yes,Good,Above-7,L
M,KW,KuwaIT,MiddleSchool,G-07,B,Science,S,Father,12,8,18,26,No,Bad,Above-7,L
M,Jordan,Jordan,MiddleSchool,G-07,B,Science,S,Father,52,10,13,6,No,Bad,Above-7,L
M,KW,KuwaIT,MiddleSchool,G-07,B,Science,S,Father,22,20,18,6,No,Bad,Above-7,L
F,KW,KuwaIT,MiddleSchool,G-06,A,Quran,S,Father,70,40,2,16,No,Bad,Above-7,L
M,Egypt,Egypt,lowerlevel,G-04,A,English,S,Mum,19,74,32,17,No,Good,Above-7,L
M,KW,KuwaIT,lowerlevel,G-04,A,Arabic,S,Father,39,26,12,44,No,Bad,Above-7,L
M,KW,KuwaIT,lowerlevel,G-04,A,English,S,Mum,69,34,12,17,No,Bad,Above-7,L
M,KW,KuwaIT,lowerlevel,G-04,A,History,S,Father,10,17,12,14,No,Bad,Above-7,L
F,Jordan,Jordan,lowerlevel,G-04,A,Science,F,Father,49,36,32,44,No,Bad,Above-7,L
F,Jordan,Jordan,lowerlevel,G-04,A,Science,S,Father,42,24,12,24,No,Bad,Above-7,L
M,Jordan,Jordan,lowerlevel,G-04,A,Science,F,Father,10,12,20,13,No,Bad,Above-7,L
M,Jordan,Jordan,lowerlevel,G-04,A,Science,S,Father,22,34,15,9,No,Bad,Above-7,L
M,Jordan,Jordan,lowerlevel,G-02,A,French,F,Father,10,15,10,21,No,Bad,Above-7,L
M,Jordan,Jordan,lowerlevel,G-02,A,French,S,Father,30,10,20,5,No,Bad,Above-7,L
M,Jordan,Jordan,lowerlevel,G-02,A,French,F,Father,10,15,10,21,No,Bad,Above-7,L
M,Jordan,Jordan,lowerlevel,G-02,A,French,S,Father,30,10,20,5,No,Bad,Above-7,L
M,Jordan,Jordan,lowerlevel,G-02,A,French,F,Father,40,7,50,41,No,Good,Above-7,L
M,Jordan,Jordan,lowerlevel,G-02,A,French,S,Father,35,2,29,33,No,Good,Above-7,L
M,Lybia,Lybia,lowerlevel,G-02,A,French,F,Mum,10,8,9,3,No,Good,Above-7,L
M,Lybia,Lybia,lowerlevel,G-02,A,French,S,Mum,15,7,12,7,No,Good,Above-7,L
M,Lybia,Lybia,lowerlevel,G-02,B,French,F,Mum,20,3,9,3,No,Good,Above-7,L
M,Lybia,Lybia,lowerlevel,G-02,B,French,S,Mum,15,4,12,7,No,Good,Above-7,L
M,Egypt,Egypt,lowerlevel,G-02,B,French,F,Mum,5,13,6,6,No,Good,Above-7,L
M,Egypt,Egypt,lowerlevel,G-02,B,French,S,Mum,7,9,11,10,No,Good,Above-7,L
F,Jordan,Jordan,lowerlevel,G-02,A,Arabic,F,Father,10,20,22,97,No,Bad,Above-7,L
F,Jordan,Jordan,lowerlevel,G-02,A,Arabic,S,Father,5,9,19,98,No,Bad,Above-7,L
M,Jordan,Jordan,lowerlevel,G-02,B,Arabic,F,Father,10,10,40,51,No,Bad,Above-7,L
M,Jordan,Jordan,lowerlevel,G-02,B,Arabic,S,Father,35,2,29,23,No,Bad,Above-7,L
M,Jordan,Jordan,lowerlevel,G-02,B,Arabic,F,Father,10,30,50,91,Yes,Bad,Above-7,L
M,Jordan,Jordan,lowerlevel,G-02,B,Arabic,S,Father,12,22,59,83,Yes,Bad,Above-7,L
F,Jordan,Jordan,lowerlevel,G-02,B,Arabic,F,Father,11,20,20,98,No,Bad,Above-7,L
F,Jordan,Jordan,lowerlevel,G-02,B,Arabic,S,Father,10,12,29,93,No,Bad,Above-7,L
M,Jordan,SaudiArabia,lowerlevel,G-02,B,Arabic,F,Mum,4,10,11,7,No,Good,Above-7,L
M,Jordan,SaudiArabia,lowerlevel,G-02,B,Arabic,S,Mum,5,0,1,8,No,Good,Above-7,L
M,Jordan,Jordan,MiddleSchool,G-07,A,Biology,F,Mum,2,9,10,1,No,Bad,Above-7,L
M,Jordan,Jordan,MiddleSchool,G-07,A,Biology,S,Mum,3,8,19,3,No,Bad,Above-7,L
F,Lybia,Lybia,MiddleSchool,G-07,B,Biology,F,Mum,10,9,2,1,No,Good,Above-7,L
F,Lybia,Lybia,MiddleSchool,G-07,B,Biology,S,Mum,9,7,9,3,No,Good,Above-7,L
M,Jordan,SaudiArabia,MiddleSchool,G-08,A,Chemistry,F,Father,10,0,2,41,No,Bad,Above-7,L
M,Jordan,SaudiArabia,MiddleSchool,G-08,A,Chemistry,S,Father,11,2,9,49,No,Bad,Above-7,L
M,Jordan,Jordan,MiddleSchool,G-08,A,Chemistry,F,Mum,75,72,64,39,Yes,Good,Above-7,L
M,Jordan,Jordan,MiddleSchool,G-08,A,Chemistry,S,Mum,72,76,66,40,Yes,Good,Above-7,L
F,Jordan,Jordan,MiddleSchool,G-08,A,Chemistry,F,Father,15,9,14,80,No,Bad,Above-7,L
F,Jordan,Jordan,MiddleSchool,G-08,A,Chemistry,S,Father,9,6,15,85,No,Bad,Above-7,L
F,Jordan,Jordan,MiddleSchool,G-08,A,Chemistry,F,Father,2,7,4,8,No,Bad,Above-7,L
F,Jordan,Jordan,MiddleSchool,G-08,A,Chemistry,S,Father,5,4,5,8,No,Bad,Above-7,L
F,Jordan,Jordan,MiddleSchool,G-08,A,History,F,Father,30,17,14,57,No,Bad,Above-7,L
F,Jordan,Jordan,MiddleSchool,G-08,A,History,S,Father,35,14,23,62,No,Bad,Above-7,L